Model,Accuracy,Precision,Recall,F1,AUC
Logistic Regression,0.788667,0.291667,0.059932,0.099432,0.739452
Random Forest,0.866000,0.752778,0.464041,0.574153,0.852248
XGBoost,0.865000,0.724311,0.494863,0.587996,0.842758
